DC Bus;Pack;Pack;pack-charge;Battery;Status
Ahr;V;Ahr;%;degC;Condition
716.670;360.460;716.670;7.170;26.210;Ok
760.000;362.440;760.000;7.600;26.210;Ok
876.670;360.460;876.670;8.770;26.310;Ok
913.330;364.660;913.330;9.130;26.310;Ok
930.000;360.570;930.000;9.300;26.310;error
953.330;360.460;953.330;9.530;26.310;Ok
970.000;360.460;970.000;9.700;26.310;Ok
963.330;360.420;963.330;9.630;26.310;Ok
1000.000;356.270;1000.000;10.000;26.310;Ok
963.330;360.080;963.330;9.630;26.310;Ok
920.000;360.460;920.000;9.200;26.310;Ok
780.000;356.270;780.000;7.800;26.520;Ok
820.000;352.180;820.000;8.200;26.520;Ok
943.330;363.730;943.330;9.430;26.520;Ok
1056.670;360.460;1056.670;10.570;26.520;Ok
1100.000;360.460;1100.000;11.000;26.520;Ok
1110.000;360.460;1110.000;11.100;26.520;Ok
1110.000;356.630;1110.000;11.100;26.520;Ok
1076.670;360.460;1076.670;10.770;26.520;Ok
1070.000;360.460;1070.000;10.700;26.520;Ok
1143.330;360.460;1143.330;11.430;26.520;Ok
1133.330;364.660;1133.330;11.330;26.520;Ok
846.670;361.220;846.670;8.470;26.520;Ok
986.670;360.460;986.670;9.870;26.520;Ok
1203.330;360.460;1203.330;12.030;26.630;Ok
1210.000;356.630;1210.000;12.100;26.630;Ok
1223.330;356.730;1223.330;12.230;26.630;Ok
1236.670;360.460;1236.670;12.370;26.630;Ok
1146.670;360.570;1146.670;11.470;26.630;Ok
940.000;361.370;940.000;9.400;26.630;Error
746.670;0.000;746.670;7.470;26.630;Error
1280.000;360.460;1280.000;12.800;26.630;Ok
1316.670;360.460;1316.670;13.170;26.630;Ok
1246.670;360.460;1246.670;12.470;26.630;Ok
1346.670;368.830;1346.670;13.470;26.630;Ok
1346.670;359.160;1346.670;13.470;26.630;Ok
1363.330;364.660;1363.330;13.630;26.630;Ok
1380.000;360.460;1380.000;13.800;26.840;Ok
1356.670;363.880;1356.670;13.570;26.840;Ok
1410.000;364.470;1410.000;14.100;26.840;Ok
1413.330;360.460;1413.330;14.130;26.840;Ok
1446.670;360.460;1446.670;14.470;26.840;Ok
1466.670;359.980;1466.670;14.670;26.840;Ok
1490.000;356.250;1490.000;14.900;26.840;Ok
1503.330;360.460;1503.330;15.030;26.840;Ok
1530.000;360.460;1530.000;15.300;26.840;Ok
1553.330;360.460;1553.330;15.530;26.840;Ok
1576.670;360.630;1576.670;15.770;26.840;Ok
1586.670;364.640;1586.670;15.870;26.840;Ok
1613.330;360.570;1613.330;16.130;26.840;Ok
1626.670;360.460;1626.670;16.270;27.050;Ok
1650.000;360.460;1650.000;16.500;27.050;Ok
1653.330;368.850;1653.330;16.530;27.050;Ok
1683.330;356.270;1683.330;16.830;27.050;Ok
1716.670;360.080;1716.670;17.170;27.050;Ok
1736.670;360.460;1736.670;17.370;27.050;Ok
1756.670;360.460;1756.670;17.570;27.050;Ok
1783.330;360.570;1783.330;17.830;27.050;Ok
1800.000;363.730;1800.000;18.000;27.050;Ok
1870.000;363.880;1870.000;18.700;27.050;Ok
1900.000;364.660;1900.000;19.000;27.050;Ok
1946.670;360.460;1946.670;19.470;27.050;Ok
1980.000;368.470;1980.000;19.800;27.050;Ok
2023.330;356.270;2023.330;20.230;27.260;Ok
2073.330;359.140;2073.330;20.730;27.260;Ok
2123.330;360.460;2123.330;21.230;27.260;Ok
2176.670;360.460;2176.670;21.770;27.260;Ok
2250.000;361.220;2250.000;22.500;27.260;Ok
2310.000;364.470;2310.000;23.100;27.260;Ok
2406.670;364.640;2406.670;24.070;27.260;Ok
2483.330;364.660;2483.330;24.830;27.260;Ok
2546.670;359.980;2546.670;25.470;27.260;Ok
2590.000;368.850;2590.000;25.900;27.260;Ok
2646.670;364.640;2646.670;26.470;27.260;Ok
2700.000;361.370;2700.000;27.000;27.260;Ok
2750.000;364.660;2750.000;27.500;27.260;Ok
2713.330;360.460;2713.330;27.130;27.470;Ok
1556.670;362.660;1556.670;15.570;27.470;Ok
1450.000;360.460;1450.000;14.500;27.470;Ok
1413.330;360.460;1413.330;14.130;27.470;Ok
1356.670;357.580;1356.670;13.570;27.470;Ok
1336.670;360.420;1336.670;13.370;27.470;Ok
1320.000;360.460;1320.000;13.200;27.470;Ok
1316.670;360.460;1316.670;13.170;27.470;Ok
1403.330;356.080;1403.330;14.030;27.470;Ok
1296.670;364.660;1296.670;12.970;27.470;Ok
1210.000;360.570;1210.000;12.100;27.470;Ok
1180.000;360.460;1180.000;11.800;27.470;Ok
1150.000;360.460;1150.000;11.500;27.470;Ok
1146.670;356.270;1146.670;11.470;27.780;Ok
1150.000;357.770;1150.000;11.500;27.780;Ok
1176.670;360.460;1176.670;11.770;27.780;Ok
1653.330;360.460;1653.330;16.530;27.780;Ok
2220.000;362.660;2220.000;22.200;27.780;Ok
1563.330;360.460;1563.330;15.630;27.780;Ok
2030.000;364.660;2030.000;20.300;27.780;Ok
1806.670;357.550;1806.670;18.070;27.780;Ok
1670.000;356.290;1670.000;16.700;27.780;Ok
1973.330;347.880;1973.330;19.730;27.780;Ok
2550.000;360.080;2550.000;25.500;27.780;Ok
3013.330;368.850;3013.330;30.130;27.780;Ok
2936.670;364.660;2936.670;29.370;27.780;Ok
3056.670;360.570;3056.670;30.570;27.890;Ok
3033.330;360.460;3033.330;30.330;27.890;Ok
2943.330;363.880;2943.330;29.430;27.890;Ok
2856.670;360.460;2856.670;28.570;27.890;Ok
2300.000;360.460;2300.000;23.000;27.890;Ok
1530.000;360.080;1530.000;15.300;27.890;Ok
1350.000;359.980;1350.000;13.500;27.890;Ok
1346.670;360.460;1346.670;13.470;27.890;Ok
1376.670;360.460;1376.670;13.770;27.890;Ok
1810.000;355.340;1810.000;18.100;27.890;Ok
1600.000;364.660;1600.000;16.000;27.890;Ok
1683.330;364.470;1683.330;16.830;27.890;Ok
1916.670;360.460;1916.670;19.170;27.890;Ok
1786.670;360.460;1786.670;17.870;28.000;Ok
1730.000;359.980;1730.000;17.300;28.000;Ok
1726.670;356.270;1726.670;17.270;28.000;Ok
2053.330;364.660;2053.330;20.530;28.000;Ok
2216.670;360.460;2216.670;22.170;28.000;Ok
2113.330;364.660;2113.330;21.130;28.000;Ok
2343.330;360.460;2343.330;23.430;28.000;Ok
1893.330;362.660;1893.330;18.930;28.000;Ok
2056.670;360.460;2056.670;20.570;28.000;Ok
1573.330;356.270;1573.330;15.730;28.000;Ok
1643.330;357.580;1643.330;16.430;28.000;Ok
1416.670;356.290;1416.670;14.170;28.000;Ok
1480.000;356.270;1480.000;14.800;28.000;Ok
1623.330;360.080;1623.330;16.230;28.210;Ok
1666.670;360.630;1666.670;16.670;28.210;Ok
2370.000;356.270;2370.000;23.700;28.210;Ok
1926.670;364.660;1926.670;19.270;28.210;Ok
1953.330;360.460;1953.330;19.530;28.210;Ok
2383.330;361.220;2383.330;23.830;28.210;Ok
1936.670;364.660;1936.670;19.370;28.210;Ok
1930.000;364.660;1930.000;19.300;28.210;Ok
2283.330;360.080;2283.330;22.830;28.210;Ok
1960.000;356.730;1960.000;19.600;28.210;Ok
1826.670;364.660;1826.670;18.270;28.210;Ok
3246.670;364.530;3246.670;32.470;28.210;Ok
1883.330;355.340;1883.330;18.830;28.100;Ok
2226.670;364.660;2226.670;22.270;28.100;Ok
1636.670;364.660;1636.670;16.370;28.100;Ok
1603.330;360.460;1603.330;16.030;28.100;Ok
1586.670;360.460;1586.670;15.870;28.100;Ok
1580.000;356.270;1580.000;15.800;28.100;Ok
1580.000;359.140;1580.000;15.800;28.100;Ok
1580.000;360.460;1580.000;15.800;28.100;Ok
1576.670;360.460;1576.670;15.770;28.100;Ok
1580.000;363.880;1580.000;15.800;28.100;Ok
1566.670;364.470;1566.670;15.670;28.100;Ok
1570.000;360.460;1570.000;15.700;28.100;Ok
1580.000;360.460;1580.000;15.800;28.100;Ok
1580.000;360.460;1580.000;15.800;28.310;Ok
1596.670;357.580;1596.670;15.970;28.310;Ok
1623.330;356.290;1623.330;16.230;28.310;Ok
1643.330;360.460;1643.330;16.430;28.310;Ok
1673.330;360.460;1673.330;16.730;28.310;Ok
1686.670;360.630;1686.670;16.870;28.310;Ok
1703.330;364.660;1703.330;17.030;28.310;Ok
1716.670;360.570;1716.670;17.170;28.310;Ok
1713.330;360.460;1713.330;17.130;28.310;Ok
1703.330;360.460;1703.330;17.030;28.310;Ok
1693.330;356.270;1693.330;16.930;28.310;Ok
1686.670;357.770;1686.670;16.870;28.310;Ok
1683.330;360.460;1683.330;16.830;28.310;Ok
1673.330;360.460;1673.330;16.730;28.310;Ok
1663.330;362.660;1663.330;16.630;28.310;Ok
1646.670;364.660;1646.670;16.470;28.310;Ok
1633.330;360.460;1633.330;16.330;28.310;Ok
1640.000;360.460;1640.000;16.400;28.310;Ok
1626.670;360.460;1626.670;16.270;28.310;Ok
1610.000;356.270;1610.000;16.100;28.310;Ok
1596.670;360.080;1596.670;15.970;28.310;Ok
1583.330;360.460;1583.330;15.830;28.310;Ok
1570.000;360.460;1570.000;15.700;28.310;Ok
1556.670;360.460;1556.670;15.570;28.310;Ok
1536.670;363.730;1536.670;15.370;28.310;Ok
1540.000;360.460;1540.000;15.400;28.310;Ok
1530.000;360.460;1530.000;15.300;28.310;Ok
1523.330;358.970;1523.330;15.230;28.310;Ok
1520.000;356.270;1520.000;15.200;28.310;Ok
1516.670;356.730;1516.670;15.170;28.310;Ok
1513.330;360.460;1513.330;15.130;28.310;Ok
1516.670;360.460;1516.670;15.170;28.310;Ok
1516.670;361.370;1516.670;15.170;28.310;Ok
1513.330;364.660;1513.330;15.130;28.310;Ok
1523.330;360.460;1523.330;15.230;28.310;Ok
1533.330;360.460;1533.330;15.330;28.310;Ok
1540.000;360.460;1540.000;15.400;28.310;Ok
1540.000;356.270;1540.000;15.400;28.310;Ok
1540.000;359.160;1540.000;15.400;28.310;Ok
1520.000;360.460;1520.000;15.200;28.310;Ok
1496.670;360.460;1496.670;14.970;28.310;Ok
1460.000;363.880;1460.000;14.600;28.310;Ok
1416.670;364.470;1416.670;14.170;28.310;Ok
1370.000;360.460;1370.000;13.700;28.310;Ok
1336.670;360.460;1336.670;13.370;28.310;Ok
1296.670;359.980;1296.670;12.970;28.310;Ok
1263.330;356.270;1263.330;12.630;28.310;Ok
1236.670;360.460;1236.670;12.370;28.310;Ok
1210.000;360.460;1210.000;12.100;28.310;Ok
1190.000;360.460;1190.000;11.900;28.310;Ok
1173.330;360.630;1173.330;11.730;28.310;Ok
1143.330;364.660;1143.330;11.430;28.310;Ok
1140.000;360.570;1140.000;11.400;28.310;Ok
1130.000;360.460;1130.000;11.300;28.310;Ok
1123.330;360.460;1123.330;11.230;28.310;Ok
1116.670;356.270;1116.670;11.170;28.310;Ok
1106.670;357.770;1106.670;11.070;28.310;Ok
1090.000;360.460;1090.000;10.900;28.310;Ok
1070.000;360.460;1070.000;10.700;28.310;Ok
1043.330;362.660;1043.330;10.430;28.310;Ok
986.670;364.660;986.670;9.870;28.310;Ok
960.000;356.270;960.000;9.600;28.310;Ok
903.330;359.160;903.330;9.030;28.310;Ok
873.330;356.290;873.330;8.730;28.310;Ok
846.670;360.460;846.670;8.470;28.310;Ok
830.000;360.080;830.000;8.300;28.310;Ok
810.000;356.270;810.000;8.100;28.310;Ok
783.330;360.460;783.330;7.830;28.310;Ok
773.330;364.530;773.330;7.730;28.310;Ok
0.000;363.730;760.000;7.600;28.310;Error
766.670;360.460;766.670;7.670;28.310;Ok
753.330;360.460;753.330;7.530;28.310;Ok
740.000;360.460;740.000;7.400;28.310;Ok
736.670;356.630;736.670;7.370;28.310;Ok
733.330;356.710;733.330;7.330;28.310;Ok
730.000;360.460;730.000;7.300;28.310;Ok
740.000;360.460;740.000;7.400;28.310;Ok
776.670;361.390;776.670;7.770;28.310;Ok
816.670;364.660;816.670;8.170;28.310;Ok
883.330;360.460;883.330;8.830;28.310;Ok
940.000;360.460;940.000;9.400;28.310;Ok
1006.670;360.460;1006.670;10.070;28.310;Ok
1083.330;356.270;1083.330;10.830;28.310;Ok
1120.000;359.140;1120.000;11.200;28.310;Ok
1113.330;360.460;1113.330;11.130;28.310;Ok
1086.670;360.460;1086.670;10.870;28.310;Ok
1046.670;363.880;1046.670;10.470;28.310;Ok
1020.000;364.470;1020.000;10.200;28.310;Ok
986.670;360.460;986.670;9.870;28.310;Ok
950.000;360.460;950.000;9.500;28.310;Ok
946.670;359.980;946.670;9.470;28.310;Ok
983.330;356.270;983.330;9.830;28.310;Ok
1040.000;360.460;1040.000;10.400;28.310;Ok
1123.330;360.460;1123.330;11.230;28.310;Ok
1206.670;360.460;1206.670;12.070;28.310;Ok
1290.000;364.660;1290.000;12.900;28.310;Ok
1380.000;362.660;1380.000;13.800;28.310;Ok
1436.670;364.660;1436.670;14.370;28.310;Ok
1480.000;364.660;1480.000;14.800;28.310;Ok
1510.000;367.550;1510.000;15.100;28.310;Ok
1503.330;368.810;1503.330;15.030;28.310;Ok
1503.330;364.660;1503.330;15.030;28.310;Ok
1556.670;364.660;1556.670;15.570;28.310;Ok
1600.000;364.470;1600.000;16.000;28.310;Ok
1646.670;360.460;1646.670;16.470;28.310;Ok
1660.000;364.530;1660.000;16.600;28.210;Ok
1590.000;364.660;1590.000;15.900;28.210;Ok
1523.330;360.460;1523.330;15.230;28.210;Ok
1476.670;360.420;1476.670;14.770;28.210;Ok
1446.670;356.270;1446.670;14.470;28.210;Ok
1396.670;360.080;1396.670;13.970;28.210;Ok
1410.000;360.460;1410.000;14.100;28.210;Ok
1350.000;360.460;1350.000;13.500;28.210;Ok
1350.000;364.530;1350.000;13.500;28.210;Ok
1273.330;363.730;1273.330;12.730;28.210;Ok
1253.330;360.460;1253.330;12.530;28.210;Ok
1260.000;360.460;1260.000;12.600;28.210;Ok
1273.330;358.950;1273.330;12.730;28.210;Ok
1313.330;356.270;1313.330;13.130;28.210;Ok
1330.000;360.460;1330.000;13.300;28.210;Ok
1333.330;359.160;1333.330;13.330;28.210;Ok
1326.670;360.460;1326.670;13.270;28.210;Ok
1263.330;360.460;1263.330;12.630;28.210;Ok
1210.000;363.880;1210.000;12.100;28.210;Ok
1186.670;364.470;1186.670;11.870;28.210;Ok
1233.330;360.460;1233.330;12.330;28.210;Ok
1263.330;360.460;1263.330;12.630;28.210;Ok
1233.330;359.980;1233.330;12.330;28.210;Ok
1246.670;356.270;1246.670;12.470;28.210;Ok
1346.670;360.460;1346.670;13.470;28.210;Ok
1523.330;356.270;1523.330;15.230;28.210;Ok
1560.000;360.460;1560.000;15.600;28.310;Ok
1520.000;364.660;1520.000;15.200;28.310;Ok
1486.670;362.440;1486.670;14.870;28.310;Ok
1530.000;360.440;1530.000;15.300;28.310;Ok
1613.330;360.460;1613.330;16.130;28.310;Ok
1670.000;357.580;1670.000;16.700;28.310;Ok
1566.670;356.290;1566.670;15.670;28.310;Ok
1536.670;360.460;1536.670;15.370;28.310;Ok
1703.330;356.270;1703.330;17.030;28.310;Ok
1823.330;364.470;1823.330;18.230;28.310;Ok
1726.670;360.460;1726.670;17.270;28.310;Ok
2486.670;360.570;2486.670;24.870;28.310;Ok
2250.000;360.460;2250.000;22.500;28.310;Ok
2690.000;352.050;2690.000;26.900;28.310;Ok
2306.670;347.880;2306.670;23.070;28.310;Ok
2446.670;358.970;2446.670;24.470;28.310;Ok
2100.000;364.660;2100.000;21.000;28.310;Ok
1940.000;364.660;1940.000;19.400;28.310;Ok
1926.670;362.660;1926.670;19.270;28.310;Ok
1913.330;364.660;1913.330;19.130;28.310;Ok
1896.670;363.730;1896.670;18.970;28.310;Ok
1930.000;360.460;1930.000;19.300;28.310;Ok
1923.330;360.460;1923.330;19.230;28.310;Ok
1940.000;358.970;1940.000;19.400;28.310;Ok
1983.330;356.270;1983.330;19.830;28.310;Ok
2066.670;360.460;2066.670;20.670;28.310;Ok
2143.330;362.660;2143.330;21.430;28.420;Ok
99999999.000;360.460;2030.000;20.300;28.420;Error
2013.330;361.370;2013.330;20.130;28.420;Ok
1993.330;364.660;1993.330;19.930;28.420;Ok
1960.000;360.460;1960.000;19.600;28.420;Ok
1983.330;360.460;1983.330;19.830;28.420;Ok
1950.000;360.460;1950.000;19.500;28.420;Ok
1936.670;360.460;1936.670;19.370;28.420;Ok
1936.670;357.580;1936.670;19.370;28.420;Ok
1940.000;356.290;1940.000;19.400;28.420;Ok
1943.330;360.460;1943.330;19.430;28.420;Ok
1966.670;360.460;1966.670;19.670;28.420;Ok
2003.330;360.630;2003.330;20.030;28.420;Ok
2043.330;364.660;2043.330;20.430;28.520;Ok
2103.330;360.570;2103.330;21.030;28.520;Ok
2163.330;360.460;2163.330;21.630;28.520;Ok
2236.670;360.460;2236.670;22.370;28.520;Ok
2310.000;356.270;2310.000;23.100;28.520;Ok
2383.330;357.770;2383.330;23.830;28.520;Ok
2453.330;360.460;2453.330;24.530;28.520;Ok
2543.330;360.460;2543.330;25.430;28.520;Ok
2620.000;362.660;2620.000;26.200;28.520;Ok
2690.000;364.660;2690.000;26.900;28.520;Ok
2723.330;363.730;2723.330;27.230;28.520;Ok
2546.670;360.460;2546.670;25.470;28.520;Ok
2526.670;360.460;2526.670;25.270;28.520;Ok
2493.330;358.970;2493.330;24.930;28.730;Ok
2456.670;356.270;2456.670;24.570;28.730;Ok
2423.330;360.460;2423.330;24.230;28.730;Ok
2373.330;360.460;2373.330;23.730;28.730;Ok
2336.670;360.460;2336.670;23.370;28.730;Ok
2320.000;361.370;2320.000;23.200;28.730;Ok
2253.330;364.660;2253.330;22.530;28.730;Ok
2210.000;360.460;2210.000;22.100;28.730;Ok
2180.000;360.460;2180.000;21.800;28.730;Ok
2170.000;360.460;2170.000;21.700;28.730;Ok
2173.330;356.270;2173.330;21.730;28.730;Ok
2180.000;359.160;2180.000;21.800;28.730;Ok
2186.670;360.460;2186.670;21.870;28.730;Ok
2186.670;360.460;2186.670;21.870;28.840;Ok
2196.670;363.900;2196.670;21.970;28.840;Ok
2210.000;364.470;2210.000;22.100;28.840;Ok
2256.670;356.270;2256.670;22.570;28.840;Ok
2230.000;360.460;2230.000;22.300;28.840;Ok
2213.330;360.460;2213.330;22.130;28.840;Ok
2213.330;357.580;2213.330;22.130;28.840;Ok
2206.670;356.290;2206.670;22.070;28.840;Ok
2196.670;360.460;2196.670;21.970;28.840;Ok
2200.000;359.140;2200.000;22.000;28.840;Ok
2193.330;360.460;2193.330;21.930;28.840;Ok
2196.670;360.460;2196.670;21.970;28.840;Ok
2193.330;363.880;2193.330;21.930;28.840;Ok
2170.000;364.470;2170.000;21.700;29.050;Ok
2186.670;360.460;2186.670;21.870;29.050;Ok
2183.330;360.460;2183.330;21.830;29.050;Ok
2193.330;359.980;2193.330;21.930;29.050;Ok
2223.330;356.270;2223.330;22.230;29.050;Ok
2263.330;360.460;2263.330;22.630;29.050;Ok
2306.670;360.460;2306.670;23.070;29.050;Ok
2346.670;360.460;2346.670;23.470;29.050;Ok
2376.670;364.660;2376.670;23.770;29.050;Ok
2350.000;362.440;2350.000;23.500;29.050;Ok
2326.670;360.460;2326.670;23.270;29.050;Ok
2316.670;360.460;2316.670;23.170;29.050;Ok
2316.670;360.460;2316.670;23.170;29.050;Ok
2326.670;356.250;2326.670;23.270;29.050;Ok
2336.670;357.770;2336.670;23.370;29.050;Ok
2340.000;360.460;2340.000;23.400;29.050;Ok
2343.330;360.460;2343.330;23.430;29.050;Ok
2350.000;362.660;2350.000;23.500;29.050;Ok
2336.670;364.660;2336.670;23.370;29.050;Ok
2393.330;360.460;2393.330;23.930;29.050;Ok
2486.670;360.460;2486.670;24.870;29.050;Ok
2463.330;360.420;2463.330;24.630;29.050;Ok
2480.000;356.270;2480.000;24.800;29.050;Ok
2503.330;360.080;2503.330;25.030;29.050;Ok
2480.000;360.460;2480.000;24.800;29.050;Ok
2506.670;360.460;2506.670;25.070;29.050;Ok
2533.330;364.530;2533.330;25.330;29.150;Ok
2536.670;364.660;2536.670;25.370;29.150;Ok
2556.670;361.220;2556.670;25.570;29.150;Ok
2546.670;360.460;2546.670;25.470;29.150;Ok
2543.330;360.460;2543.330;25.430;29.150;Ok
2543.330;356.630;2543.330;25.430;29.150;Ok
2546.670;356.730;2546.670;25.470;29.150;Ok
2546.670;360.460;2546.670;25.470;29.150;Ok
2553.330;360.460;2553.330;25.530;29.150;Ok
2546.670;361.370;2546.670;25.470;29.150;Ok
2516.670;364.660;2516.670;25.170;29.150;Ok
2516.670;360.460;2516.670;25.170;29.150;Ok
2510.000;360.460;2510.000;25.100;29.150;Ok
2506.670;360.460;2506.670;25.070;29.470;Ok
2503.330;356.270;2503.330;25.030;29.470;Ok
2493.330;359.140;2493.330;24.930;29.470;Ok
2486.670;360.460;2486.670;24.870;29.470;Ok
2486.670;360.460;2486.670;24.870;29.470;Ok
2473.330;363.900;2473.330;24.730;29.470;Ok
2440.000;364.470;2440.000;24.400;29.470;Ok
2460.000;360.460;2460.000;24.600;29.470;Ok
2460.000;360.460;2460.000;24.600;29.470;Ok
2453.330;359.980;2453.330;24.530;29.470;Ok
2426.670;356.250;2426.670;24.270;29.470;Ok
2393.330;360.460;2393.330;23.930;29.470;Ok
2380.000;360.460;2380.000;23.800;29.470;Ok
2373.330;360.460;2373.330;23.730;29.680;Ok
2356.670;364.640;2356.670;23.570;29.680;Ok
2376.670;362.440;2376.670;23.770;29.680;Ok
2356.670;360.460;2356.670;23.570;29.680;Ok
2340.000;356.270;2340.000;23.400;29.680;Ok
2320.000;357.580;2320.000;23.200;29.680;Ok
2300.000;356.290;2300.000;23.000;29.680;Ok
2280.000;360.460;2280.000;22.800;29.680;Ok
2260.000;360.460;2260.000;22.600;29.680;Ok
2236.670;360.630;2236.670;22.370;29.680;Ok
2223.330;352.080;2223.330;22.230;29.680;Ok
2200.000;360.570;2200.000;22.000;29.680;Ok
2256.670;356.270;2256.670;22.570;29.680;Ok
2306.670;357.580;2306.670;23.070;29.890;Ok
2403.330;360.420;2403.330;24.030;29.890;Ok
2616.670;357.770;2616.670;26.170;29.890;Ok
3650.000;356.250;3650.000;36.500;29.890;Ok
2983.330;352.080;2983.330;29.830;29.890;Ok
2940.000;362.660;2940.000;29.400;29.890;Ok
2856.670;364.660;2856.670;28.570;29.890;Ok
3043.330;356.250;3043.330;30.430;29.890;Ok
2693.330;349.190;2693.330;26.930;29.890;Ok
2993.330;356.290;2993.330;29.930;29.890;Ok
2570.000;357.770;2570.000;25.700;29.890;Ok
2476.670;360.460;2476.670;24.770;29.890;Ok
2500.000;356.270;2500.000;25.000;29.890;Ok
2653.330;356.270;2653.330;26.530;30.100;Ok
2726.670;360.460;2726.670;27.270;30.100;Ok
2730.000;364.660;2730.000;27.300;30.100;Ok
3036.670;355.490;3036.670;30.370;30.100;Ok
2990.000;360.460;2990.000;29.900;30.100;Ok
4396.670;360.480;4396.670;43.970;30.100;Ok
4766.670;348.240;4766.670;47.670;30.100;Ok
6476.670;339.940;6476.670;64.770;30.100;Ok
3323.330;347.860;3323.330;33.230;30.100;Ok
3106.670;352.180;3106.670;31.070;30.100;Ok
3246.670;355.340;3246.670;32.470;30.100;Ok
3370.000;352.080;3370.000;33.700;30.100;Ok
3616.670;356.270;3616.670;36.170;30.100;Ok
3443.330;356.270;3443.330;34.430;30.210;Ok
3466.670;356.270;3466.670;34.670;30.210;Ok
3443.330;360.460;3443.330;34.430;30.210;Ok
3350.000;357.580;3350.000;33.500;30.210;Ok
3280.000;356.270;3280.000;32.800;30.210;Ok
3200.000;356.270;3200.000;32.000;30.210;Ok
3086.670;352.830;3086.670;30.870;30.210;Ok
2960.000;352.240;2960.000;29.600;30.210;Ok
2833.330;356.270;2833.330;28.330;30.210;Ok
2730.000;356.270;2730.000;27.300;30.210;Ok
2670.000;356.270;2670.000;26.700;30.210;Ok
2623.330;359.160;2623.330;26.230;30.210;Ok
2593.330;360.420;2593.330;25.930;30.210;Ok
2610.000;356.270;2610.000;26.100;30.520;Ok
2636.670;356.270;2636.670;26.370;30.520;Ok
2690.000;356.080;2690.000;26.900;30.520;Ok
2790.000;352.080;2790.000;27.900;30.520;Ok
2893.330;356.140;2893.330;28.930;30.520;Ok
3010.000;356.270;3010.000;30.100;30.520;Ok
3120.000;356.270;3120.000;31.200;30.520;Ok
3213.330;360.460;3213.330;32.130;30.520;Ok
3333.330;358.950;3333.330;33.330;30.520;Ok
3450.000;356.270;3450.000;34.500;30.520;Ok
3580.000;356.270;3580.000;35.800;30.520;Ok
3673.330;354.060;3673.330;36.730;30.520;Ok
3656.670;352.080;3656.670;36.570;30.520;Ok
3680.000;356.270;3680.000;36.800;30.730;Ok
3733.330;356.250;3733.330;37.330;30.730;Ok
3793.330;356.290;3793.330;37.930;30.730;Ok
3890.000;360.460;3890.000;38.900;30.730;Ok
4053.330;356.630;4053.330;40.530;30.730;Ok
3956.670;356.270;3956.670;39.570;30.730;Ok
3913.330;360.460;3913.330;39.130;30.730;Ok
3843.330;356.270;3843.330;38.430;30.730;Ok
3830.000;352.080;3830.000;38.300;30.730;Ok
3843.330;355.490;3843.330;38.430;30.730;Ok
3850.000;356.270;3850.000;38.500;30.730;Ok
3863.330;356.270;3863.330;38.630;30.730;Ok
3843.330;356.270;3843.330;38.430;30.730;Ok
3850.000;360.460;3850.000;38.500;30.940;Ok
3860.000;357.580;3860.000;38.600;30.940;Ok
3873.330;352.080;3873.330;38.730;30.940;Ok
3823.330;352.080;3823.330;38.230;30.940;Ok
3826.670;356.270;3826.670;38.270;30.940;Ok
3873.330;356.270;3873.330;38.730;30.940;Ok
3936.670;354.270;3936.670;39.370;30.940;Ok
3986.670;356.270;3986.670;39.870;30.940;Ok
4056.670;352.080;4056.670;40.570;30.940;Ok
4123.330;349.190;4123.330;41.230;30.940;Ok
4193.330;347.900;4193.330;41.930;30.940;Ok
4250.000;352.080;4250.000;42.500;30.940;Ok
4203.330;352.830;4203.330;42.030;30.940;Ok
4160.000;352.240;4160.000;41.600;31.150;Ok
4093.330;356.270;4093.330;40.930;31.150;Ok
4026.670;352.180;4026.670;40.270;31.150;Ok
3966.670;352.080;3966.670;39.670;31.150;Ok
3876.670;352.080;3876.670;38.770;31.150;Ok
3776.670;352.030;3776.670;37.770;31.150;Ok
3663.330;347.880;3663.330;36.630;31.150;Ok
3520.000;351.700;3520.000;35.200;31.150;Ok
3410.000;352.080;3410.000;34.100;31.150;Ok
3300.000;352.080;3300.000;33.000;31.150;Ok
3196.670;356.140;3196.670;31.970;31.150;Ok
3116.670;355.340;3116.670;31.170;31.150;Ok
3046.670;352.080;3046.670;30.470;31.150;Ok
2980.000;352.080;2980.000;29.800;31.360;Ok
2906.670;350.580;2906.670;29.070;31.360;Ok
2823.330;360.460;2823.330;28.230;31.360;Ok
2783.330;352.080;2783.330;27.830;31.360;Ok
2733.330;352.080;2733.330;27.330;31.360;Ok
2676.670;352.080;2676.670;26.770;31.360;Ok
2616.670;356.270;2616.670;26.170;31.360;Ok
2576.670;352.830;2576.670;25.770;31.360;Ok
2546.670;352.080;2546.670;25.470;31.360;Ok
2516.670;352.080;2516.670;25.170;31.360;Ok
2480.000;348.240;2480.000;24.800;31.360;Ok
2443.330;359.980;2443.330;24.430;31.360;Ok
2436.670;356.250;2436.670;24.370;31.360;Ok
2426.670;352.080;2426.670;24.270;31.570;Ok
2420.000;352.080;2420.000;24.200;31.570;Ok
2416.670;352.830;2416.670;24.170;31.570;Ok
2423.330;352.240;2423.330;24.230;31.570;Ok
2423.330;356.270;2423.330;24.230;31.570;Ok
2430.000;356.270;2430.000;24.300;31.570;Ok
2443.330;356.730;2443.330;24.430;31.570;Ok
2450.000;359.140;2450.000;24.500;31.570;Ok
2466.670;360.420;2466.670;24.670;31.570;Ok
2503.330;356.270;2503.330;25.030;31.570;Ok
2520.000;356.270;2520.000;25.200;31.570;Ok
2536.670;356.080;2536.670;25.370;31.570;Ok
2553.330;352.080;2553.330;25.530;31.570;Ok
2566.670;356.140;2566.670;25.670;31.680;Ok
2580.000;356.270;2580.000;25.800;31.680;Ok
2590.000;356.270;2590.000;25.900;31.680;Ok
2590.000;360.460;2590.000;25.900;31.680;Ok
2603.330;358.950;2603.330;26.030;31.680;Ok
2616.670;356.270;2616.670;26.170;31.680;Ok
2623.330;356.250;2623.330;26.230;31.680;Ok
2630.000;354.060;2630.000;26.300;31.680;Ok
2636.670;352.080;2636.670;26.370;31.680;Ok
2640.000;356.270;2640.000;26.400;31.680;Ok
2643.330;356.270;2643.330;26.430;31.680;Ok
2650.000;356.290;2650.000;26.500;31.680;Ok
2640.000;360.460;2640.000;26.400;31.680;Ok
2653.330;356.630;2653.330;26.530;31.780;Ok
2650.000;356.270;2650.000;26.500;31.780;Ok
2650.000;356.270;2650.000;26.500;31.780;Ok
2650.000;352.180;2650.000;26.500;31.780;Ok
2650.000;352.980;2650.000;26.500;31.780;Ok
2640.000;356.270;2640.000;26.400;31.780;Ok
2636.670;356.270;2636.670;26.370;31.780;Ok
2640.000;357.770;2640.000;26.400;31.780;Ok
2630.000;360.460;2630.000;26.300;31.780;Ok
2636.670;356.270;2636.670;26.370;31.780;Ok
2653.330;356.270;2653.330;26.530;31.780;Ok
2670.000;356.270;2670.000;26.700;31.780;Ok
2676.670;352.080;2676.670;26.770;31.780;Ok
2690.000;355.490;2690.000;26.900;31.780;Ok
2696.670;356.270;2696.670;26.970;31.780;Ok
2713.330;356.270;2713.330;27.130;31.780;Ok
2733.330;356.270;2733.330;27.330;31.780;Ok
2733.330;360.460;2733.330;27.330;31.780;Ok
2760.000;357.580;2760.000;27.600;31.780;Ok
2776.670;356.270;2776.670;27.770;31.780;Ok
2793.330;356.270;2793.330;27.930;31.780;Ok
2813.330;352.830;2813.330;28.130;31.780;Ok
2823.330;352.240;2823.330;28.230;31.780;Ok
2833.330;356.270;2833.330;28.330;31.780;Ok
2850.000;356.270;2850.000;28.500;31.780;Ok
2873.330;356.730;2873.330;28.730;31.780;Ok
2896.670;360.460;2896.670;28.970;31.780;Ok
2936.670;356.270;2936.670;29.370;31.780;Ok
2980.000;356.270;2980.000;29.800;31.780;Ok
3016.670;356.270;3016.670;30.170;31.780;Ok
3063.330;352.080;3063.330;30.630;31.780;Ok
3123.330;354.270;3123.330;31.230;31.780;Ok
3180.000;356.270;3180.000;31.800;31.780;Ok
3250.000;356.270;3250.000;32.500;31.780;Ok
3343.330;359.160;3343.330;33.430;31.780;Ok
3493.330;360.460;3493.330;34.930;31.780;Ok
3520.000;358.950;3520.000;35.200;31.780;Ok
3623.330;356.270;3623.330;36.230;31.780;Ok
3546.670;352.080;3546.670;35.470;31.780;Ok
3516.670;354.060;3516.670;35.170;31.680;Ok
3533.330;352.080;3533.330;35.330;31.680;Ok
3520.000;356.270;3520.000;35.200;31.680;Ok
3480.000;356.270;3480.000;34.800;31.680;Ok
3673.330;356.290;3673.330;36.730;31.680;Ok
3540.000;339.490;3540.000;35.400;31.680;Ok
3313.330;356.630;3313.330;33.130;31.680;Ok
3180.000;356.270;3180.000;31.800;31.680;Ok
3086.670;356.270;3086.670;30.870;31.680;Ok
3000.000;352.180;3000.000;30.000;31.680;Ok
2903.330;352.980;2903.330;29.030;31.680;Ok
2813.330;356.270;2813.330;28.130;31.680;Ok
2733.330;352.080;2733.330;27.330;31.680;Ok
2653.330;350.560;2653.330;26.530;31.780;Ok
2583.330;347.880;2583.330;25.830;31.780;Ok
2523.330;352.080;2523.330;25.230;31.780;Ok
2473.330;352.080;2473.330;24.730;31.780;Ok
2426.670;352.080;2426.670;24.270;31.780;Ok
2393.330;356.270;2393.330;23.930;31.780;Ok
2363.330;352.830;2363.330;23.630;31.780;Ok
2353.330;356.270;2353.330;23.530;31.780;Ok
2353.330;352.080;2353.330;23.530;31.780;Ok
2350.000;360.080;2350.000;23.500;31.780;Ok
2343.330;360.460;2343.330;23.430;31.780;Ok
2363.330;356.270;2363.330;23.630;31.780;Ok
2386.670;356.270;2386.670;23.870;31.780;Ok
2406.670;356.270;2406.670;24.070;31.780;Ok
2433.330;352.830;2433.330;24.330;31.780;Ok
2463.330;352.240;2463.330;24.630;31.780;Ok
2486.670;356.270;2486.670;24.870;31.780;Ok
2513.330;356.270;2513.330;25.130;31.780;Ok
2546.670;356.730;2546.670;25.470;31.780;Ok
2566.670;360.460;2566.670;25.670;31.780;Ok
2613.330;356.270;2613.330;26.130;31.780;Ok
2646.670;356.270;2646.670;26.470;31.780;Ok
2683.330;356.270;2683.330;26.830;31.780;Ok
2716.670;352.080;2716.670;27.170;31.780;Ok
2753.330;352.080;2753.330;27.530;31.780;Ok
2790.000;356.140;2790.000;27.900;31.780;Ok
2806.670;356.270;2806.670;28.070;31.890;Ok
2830.000;356.270;2830.000;28.300;31.890;Ok
2846.670;360.460;2846.670;28.470;31.890;Ok
2860.000;360.440;2860.000;28.600;31.890;Ok
2890.000;356.630;2890.000;28.900;31.890;Ok
2903.330;356.270;2903.330;29.030;31.890;Ok
2923.330;356.270;2923.330;29.230;31.890;Ok
2940.000;352.180;2940.000;29.400;31.890;Ok
2963.330;352.980;2963.330;29.630;31.890;Ok
2993.330;356.270;2993.330;29.930;31.890;Ok
3033.330;356.270;3033.330;30.330;31.890;Ok
3080.000;357.770;3080.000;30.800;31.890;Ok
3130.000;360.460;3130.000;31.300;31.890;Ok
3206.670;356.270;3206.670;32.070;31.890;Ok
3286.670;356.270;3286.670;32.870;31.890;Ok
3293.330;360.460;3293.330;32.930;31.890;Ok
3320.000;352.080;3320.000;33.200;31.890;Ok
3353.330;355.490;3353.330;33.530;31.890;Ok
3396.670;356.270;3396.670;33.970;31.890;Ok
3430.000;356.270;3430.000;34.300;31.890;Ok
3470.000;360.080;3470.000;34.700;31.890;Ok
3510.000;359.980;3510.000;35.100;31.890;Ok
3593.330;356.270;3593.330;35.930;31.890;Ok
3646.670;356.270;3646.670;36.470;31.890;Ok
3680.000;356.270;3680.000;36.800;31.890;Ok
3733.330;352.830;3733.330;37.330;31.890;Ok
3833.330;352.240;3833.330;38.330;31.890;Ok
3970.000;356.270;3970.000;39.700;31.890;Ok
4520.000;360.460;4520.000;45.200;31.890;Ok
4416.670;356.730;4416.670;44.170;31.890;Ok
5296.670;360.440;5296.670;52.970;31.890;Ok
5090.000;352.050;5090.000;50.900;31.890;Ok
5036.670;356.270;5036.670;50.370;31.890;Ok
4983.330;356.270;4983.330;49.830;31.890;Ok
6620.000;352.080;6620.000;66.200;31.890;Ok
6446.670;362.440;6446.670;64.470;31.890;Ok
5526.670;356.270;5526.670;55.270;31.890;Ok
5260.000;352.080;5260.000;52.600;31.890;Ok
5106.670;349.170;5106.670;51.070;31.890;Ok
5150.000;352.030;5150.000;51.500;32.000;Ok
4836.670;352.080;4836.670;48.370;32.000;Ok
5180.000;352.080;5180.000;51.800;32.000;Ok
4836.670;347.690;4836.670;48.370;32.000;Ok
4746.670;343.690;4746.670;47.470;32.000;Ok
4656.670;339.370;4656.670;46.570;32.000;Ok
4596.670;347.880;4596.670;45.970;32.000;Ok
4583.330;352.080;4583.330;45.830;32.000;Ok
4623.330;352.080;4623.330;46.230;32.000;Ok
4823.330;349.380;4823.330;48.230;32.000;Ok
4850.000;347.880;4850.000;48.500;32.000;Ok
4810.000;347.880;4810.000;48.100;32.000;Ok
5133.330;347.880;5133.330;51.330;32.000;Ok
6356.670;339.490;6356.670;63.570;32.210;Ok
5653.330;326.910;5653.330;56.530;32.210;Ok
5310.000;327.670;5310.000;53.100;32.210;Ok
4980.000;335.280;4980.000;49.800;32.210;Ok
4916.670;335.300;4916.670;49.170;32.210;Ok
5163.330;347.880;5163.330;51.630;32.210;Ok
4640.000;339.470;4640.000;46.400;32.210;Ok
4060.000;342.360;4060.000;40.600;32.210;Ok
3813.330;347.880;3813.330;38.130;32.210;Ok
3683.330;347.880;3683.330;36.830;32.210;Ok
3606.670;344.450;3606.670;36.070;32.210;Ok
3533.330;343.860;3533.330;35.330;32.210;Ok
3460.000;347.880;3460.000;34.600;32.210;Ok
3423.330;347.880;3423.330;34.230;32.630;Ok
3410.000;347.880;3410.000;34.100;32.630;Ok
3420.000;350.770;3420.000;34.200;32.630;Ok
3486.670;352.030;3486.670;34.870;32.630;Ok
3636.670;347.880;3636.670;36.370;32.630;Ok
3633.330;347.880;3633.330;36.330;32.630;Ok
3670.000;347.690;3670.000;36.700;32.630;Ok
3653.330;356.270;3653.330;36.530;32.630;Ok
3726.670;347.750;3726.670;37.270;32.630;Ok
3800.000;347.880;3800.000;38.000;32.630;Ok
3873.330;352.080;3873.330;38.730;32.630;Ok
3986.670;347.880;3986.670;39.870;32.630;Ok
4203.330;349.380;4203.330;42.030;32.630;Ok
4386.670;352.080;4386.670;43.870;33.050;Ok
4496.670;352.080;4496.670;44.970;33.050;Ok
4450.000;345.670;4450.000;44.500;33.050;Ok
4553.330;343.690;4553.330;45.530;33.050;Ok
4483.330;347.880;4483.330;44.830;33.050;Ok
4616.670;350.770;4616.670;46.170;33.050;Ok
4850.000;343.640;4850.000;48.500;33.050;Ok
4683.330;352.080;4683.330;46.830;33.050;Ok
5076.670;343.310;5076.670;50.770;33.050;Ok
4966.670;339.490;4966.670;49.670;33.050;Ok
4103.330;335.300;4103.330;41.030;33.050;Ok
3943.330;343.790;3943.330;39.430;33.050;Ok
3853.330;344.610;3853.330;38.530;33.050;Ok
3646.670;347.100;3646.670;36.470;33.260;Ok
3516.670;347.880;3516.670;35.170;33.260;Ok
3423.330;347.880;3423.330;34.230;33.260;Ok
3346.670;351.700;3346.670;33.470;33.260;Ok
3286.670;351.590;3286.670;32.870;33.260;Ok
3253.330;347.860;3253.330;32.530;33.260;Ok
3236.670;347.880;3236.670;32.370;33.260;Ok
3240.000;346.950;3240.000;32.400;33.260;Ok
3256.670;343.690;3256.670;32.570;33.260;Ok
3290.000;347.880;3290.000;32.900;33.260;Ok
3340.000;347.880;3340.000;33.400;33.260;Ok
3370.000;347.880;3370.000;33.700;33.260;Ok
3376.670;352.080;3376.670;33.770;33.260;Ok
3380.000;350.770;3380.000;33.800;33.470;Ok
3386.670;347.880;3386.670;33.870;33.470;Ok
3386.670;352.080;3386.670;33.870;33.470;Ok
3410.000;344.450;3410.000;34.100;33.470;Ok
3433.330;343.860;3433.330;34.330;33.470;Ok
3473.330;352.080;3473.330;34.730;33.470;Ok
3553.330;352.080;3553.330;35.530;33.470;Ok
3663.330;351.590;3663.330;36.630;33.470;Ok
3810.000;347.880;3810.000;38.100;33.470;Ok
3963.330;352.080;3963.330;39.630;33.470;Ok
4153.330;352.080;4153.330;41.530;33.470;Ok
4166.670;352.080;4166.670;41.670;33.470;Ok
4076.670;343.690;4076.670;40.770;33.470;Ok
3966.670;354.060;3966.670;39.670;33.680;Ok
3906.670;352.080;3906.670;39.070;33.680;Ok
3876.670;352.080;3876.670;38.770;33.680;Ok
3840.000;352.080;3840.000;38.400;33.680;Ok
3813.330;347.880;3813.330;38.130;33.680;Ok
3783.330;349.380;3783.330;37.830;33.680;Ok
3780.000;347.880;3780.000;37.800;33.680;Ok
3663.330;352.080;3663.330;36.630;33.680;Ok
3546.670;354.270;3546.670;35.470;33.680;Ok
3453.330;356.270;3453.330;34.530;33.680;Ok
3396.670;352.080;3396.670;33.970;33.680;Ok
3350.000;352.080;3350.000;33.500;33.680;Ok
3350.000;347.900;3350.000;33.500;33.680;Ok
3370.000;347.880;3370.000;33.700;33.680;Ok
3406.670;351.700;3406.670;34.070;33.680;Ok
3490.000;352.080;3490.000;34.900;33.680;Ok
3580.000;347.880;3580.000;35.800;33.680;Ok
3616.670;343.790;3616.670;36.170;33.680;Ok
3610.000;355.340;3610.000;36.100;33.680;Ok
3640.000;352.080;3640.000;36.400;33.680;Ok
3680.000;347.880;3680.000;36.800;33.680;Ok
3740.000;349.380;3740.000;37.400;33.680;Ok
3840.000;347.880;3840.000;38.400;33.680;Ok
4006.670;348.340;4006.670;40.070;33.680;Ok
4596.670;352.080;4596.670;45.970;33.680;Ok
4660.000;343.690;4660.000;46.600;33.680;Ok
4620.000;344.590;4620.000;46.200;33.780;Ok
4950.000;347.860;4950.000;49.500;33.780;Ok
4416.670;347.880;4416.670;44.170;33.780;Ok
4726.670;347.880;4726.670;47.270;33.780;Ok
5623.330;343.690;5623.330;56.230;33.780;Ok
6643.330;360.460;6643.330;66.430;33.780;Ok
7553.330;342.380;7553.330;75.530;33.780;Ok
6850.000;347.860;6850.000;68.500;33.780;Ok
8416.670;347.880;8416.670;84.170;33.780;Ok
6153.330;338.690;6153.330;61.530;33.780;Ok
4840.000;347.690;4840.000;48.400;33.780;Ok
5286.670;343.670;5286.670;52.870;33.780;Ok
4650.000;351.700;4650.000;46.500;33.780;Ok
5733.330;343.200;5733.330;57.330;33.890;Ok
9493.330;339.490;9493.330;94.930;33.890;Ok
8653.330;347.840;8653.330;86.530;33.890;Ok
9883.330;344.610;9883.330;98.830;33.890;Ok
9596.670;339.510;9596.670;95.970;33.890;Ok
9996.670;364.640;9996.670;99.970;33.890;Ok
9996.670;359.280;9996.670;99.970;33.890;Ok
9990.000;355.950;9990.000;99.900;33.890;Ok
999999999.000;352.430;10003.330;100.030;33.890;Error
9546.670;332.410;9546.670;95.470;33.890;Ok
8850.000;347.840;8850.000;88.500;33.890;Ok
6833.330;339.470;6833.330;68.330;33.890;Ok
5973.330;335.300;5973.330;59.730;33.890;Ok
5690.000;348.070;5690.000;56.900;33.890;Ok
4913.330;331.100;4913.330;49.130;34.210;Ok
8800.000;326.780;8800.000;88.000;34.210;Ok
9056.670;335.300;9056.670;90.570;34.210;Ok
7743.330;335.300;7743.330;77.430;34.210;Ok
4366.670;335.300;4366.670;43.670;34.210;Ok
4073.330;328.410;4073.330;40.730;34.210;Ok
4210.000;331.100;4210.000;42.100;34.210;Ok
5763.330;331.100;5763.330;57.630;34.210;Ok
5733.330;341.680;5733.330;57.330;34.210;Ok
7273.330;331.080;7273.330;72.730;34.210;Ok
5700.000;326.890;5700.000;57.000;34.210;Ok
5426.670;329.800;5426.670;54.270;34.210;Ok
7056.670;326.950;7056.670;70.570;34.210;Ok
5116.670;331.080;5116.670;51.170;35.050;Ok
5723.330;330.720;5723.330;57.230;35.050;Ok
5250.000;331.100;5250.000;52.500;35.050;Ok
5066.670;326.910;5066.670;50.670;35.050;Ok
5806.670;322.800;5806.670;58.070;35.050;Ok
5130.000;335.280;5130.000;51.300;35.050;Ok
4710.000;331.860;4710.000;47.100;35.050;Ok
4543.330;335.300;4543.330;45.430;35.050;Ok
4580.000;335.300;4580.000;45.800;35.050;Ok
4710.000;339.110;4710.000;47.100;35.050;Ok
5730.000;335.800;5730.000;57.300;35.050;Ok
4693.330;339.490;4693.330;46.930;35.050;Ok
4483.330;335.300;4483.330;44.830;35.050;Ok
4366.670;340.400;4366.670;43.670;35.890;Ok
4206.670;343.690;4206.670;42.070;35.890;Ok
4070.000;339.490;4070.000;40.700;35.890;Ok
4026.670;339.490;4026.670;40.270;35.890;Ok
4046.670;339.490;4046.670;40.470;35.890;Ok
4140.000;335.300;4140.000;41.400;35.890;Ok
4303.330;336.600;4303.330;43.030;35.890;Ok
4713.330;347.880;4713.330;47.130;35.890;Ok
5220.000;352.080;5220.000;52.200;35.890;Ok
5383.330;359.700;5383.330;53.830;35.890;Ok
4683.330;339.490;4683.330;46.830;35.890;Ok
4230.000;343.690;4230.000;42.300;35.890;Ok
3953.330;343.690;3953.330;39.530;35.890;Ok
3923.330;343.690;3923.330;39.230;36.210;Ok
3776.670;346.550;3776.670;37.770;36.210;Ok
3583.330;347.840;3583.330;35.830;36.210;Ok
3466.670;343.690;3466.670;34.670;36.210;Ok
3380.000;343.690;3380.000;33.800;36.210;Ok
3300.000;343.500;3300.000;33.000;36.210;Ok
3233.330;339.490;3233.330;32.330;36.210;Ok
3170.000;343.560;3170.000;31.700;36.210;Ok
3116.670;347.400;3116.670;31.170;36.210;Ok
3080.000;343.690;3080.000;30.800;36.210;Ok
3033.330;343.690;3033.330;30.330;36.210;Ok
2993.330;345.180;2993.330;29.930;36.210;Ok
2953.330;347.860;2953.330;29.530;36.210;Ok
2923.330;347.880;2923.330;29.230;36.100;Ok
2886.670;350.070;2886.670;28.870;36.100;Ok
2853.330;352.080;2853.330;28.530;36.100;Ok
2840.000;347.880;2840.000;28.400;36.100;Ok
2833.330;347.880;2833.330;28.330;36.100;Ok
2833.330;347.840;2833.330;28.330;36.100;Ok
2836.670;343.690;2836.670;28.370;36.100;Ok
2846.670;347.500;2846.670;28.470;36.100;Ok
2873.330;347.880;2873.330;28.730;36.100;Ok
2903.330;347.880;2903.330;29.030;36.100;Ok
2953.330;351.950;2953.330;29.530;36.100;Ok
3016.670;351.150;3016.670;30.170;36.100;Ok
3113.330;347.880;3113.330;31.130;36.100;Ok
3223.330;347.880;3223.330;32.230;35.890;Ok
3363.330;346.380;3363.330;33.630;35.890;Ok
3556.670;355.890;3556.670;35.570;35.890;Ok
3906.670;355.780;3906.670;39.070;35.890;Ok
4500.000;347.880;4500.000;45.000;35.890;Ok
5096.670;347.880;5096.670;50.970;35.890;Ok
5076.670;348.790;5076.670;50.770;35.890;Ok
5343.330;347.880;5343.330;53.430;35.890;Ok
6230.000;360.460;6230.000;62.300;35.890;Ok
6803.330;345.180;6803.330;68.030;35.890;Ok
6263.330;343.690;6263.330;62.630;35.890;Ok
6353.330;347.880;6353.330;63.530;35.890;Ok
5960.000;346.570;5960.000;59.600;35.890;Ok
5630.000;343.690;5630.000;56.300;35.780;Ok
5523.330;339.490;5523.330;55.230;35.780;Ok
5676.670;340.250;5676.670;56.770;35.780;Ok
6370.000;343.500;6370.000;63.700;35.780;Ok
6146.670;339.490;6146.670;61.470;35.780;Ok
5423.330;343.690;5423.330;54.230;35.780;Ok
4993.330;344.150;4993.330;49.930;35.780;Ok
5483.330;336.580;5483.330;54.830;35.780;Ok
5786.670;343.710;5786.670;57.870;35.780;Ok
5383.330;347.880;5383.330;53.830;35.780;Ok
5726.670;343.690;5726.670;57.270;35.780;Ok
6360.000;343.500;6360.000;63.600;35.780;Ok
6613.330;339.490;6613.330;66.130;35.780;Ok
5766.670;335.170;5766.670;57.670;35.890;Ok
5396.670;339.490;5396.670;53.970;35.890;Ok
5570.000;339.490;5570.000;55.700;35.890;Ok
6093.330;335.300;6093.330;60.930;35.890;Ok
5923.330;346.360;5923.330;59.230;35.890;Ok
5973.330;335.300;5973.330;59.730;35.890;Ok
5900.000;335.300;5900.000;59.000;35.890;Ok
5916.670;333.090;5916.670;59.170;35.890;Ok
5770.000;331.100;5770.000;57.700;35.890;Ok
6076.670;331.100;6076.670;60.770;35.890;Ok
5746.670;335.300;5746.670;57.470;35.890;Ok
5570.000;339.450;5570.000;55.700;35.890;Ok
5830.000;339.490;5830.000;58.300;35.890;Ok
6010.000;335.660;6010.000;60.100;36.100;Ok
7196.670;339.490;7196.670;71.970;36.100;Ok
6500.000;335.280;6500.000;65.000;36.100;Ok
6160.000;322.820;6160.000;61.600;36.100;Ok
6976.670;342.760;6976.670;69.770;36.100;Ok
6966.670;331.100;6966.670;69.670;36.100;Ok
6720.000;331.100;6720.000;67.200;36.100;Ok
6110.000;336.790;6110.000;61.100;36.100;Ok
5773.330;339.490;5773.330;57.730;36.100;Ok
5406.670;331.100;5406.670;54.070;36.100;Ok
5810.000;335.300;5810.000;58.100;36.100;Ok
6210.000;335.170;6210.000;62.100;36.100;Ok
5963.330;332.010;5963.330;59.630;36.100;Ok
4973.330;322.720;4973.330;49.730;36.520;Ok
4243.330;335.300;4243.330;42.430;36.520;Ok
3923.330;335.300;3923.330;39.230;36.520;Ok
3793.330;335.300;3793.330;37.930;36.520;Ok
3726.670;339.490;3726.670;37.270;36.520;Ok
3683.330;336.600;3683.330;36.830;36.520;Ok
3670.000;335.300;3670.000;36.700;36.520;Ok
3703.330;335.300;3703.330;37.030;36.520;Ok
3790.000;331.860;3790.000;37.900;36.520;Ok
3760.000;343.500;3760.000;37.600;36.520;Ok
3803.330;339.490;3803.330;38.030;36.520;Ok
3850.000;339.490;3850.000;38.500;36.520;Ok
3923.330;339.010;3923.330;39.230;36.520;Ok
4090.000;335.300;4090.000;40.900;36.840;Ok
4916.670;343.690;4916.670;49.170;36.840;Ok
5143.330;340.420;5143.330;51.430;36.840;Ok
5020.000;335.300;5020.000;50.200;36.840;Ok
5173.330;335.300;5173.330;51.730;36.840;Ok
4890.000;343.670;4890.000;48.900;36.840;Ok
4450.000;339.600;4450.000;44.500;36.840;Ok
4380.000;339.490;4380.000;43.800;36.840;Ok
4543.330;339.490;4543.330;45.430;36.840;Ok
4380.000;335.300;4380.000;43.800;36.840;Ok
4420.000;346.360;4420.000;44.200;36.840;Ok
5383.330;343.690;5383.330;53.830;36.840;Ok
5990.000;335.300;5990.000;59.900;36.840;Ok
5110.000;333.300;5110.000;51.100;36.940;Ok
4946.670;343.690;4946.670;49.470;36.940;Ok
4126.670;343.690;4126.670;41.270;36.940;Ok
3950.000;339.490;3950.000;39.500;36.940;Ok
3756.670;339.450;3756.670;37.570;36.940;Ok
3600.000;347.880;3600.000;36.000;36.940;Ok
3513.330;339.110;3513.330;35.130;36.940;Ok
3443.330;343.690;3443.330;34.430;36.940;Ok
3403.330;343.690;3403.330;34.030;36.940;Ok
3393.330;339.600;3393.330;33.930;36.940;Ok
3406.670;340.400;3406.670;34.070;36.940;Ok
3430.000;343.690;3430.000;34.300;36.940;Ok
3473.330;343.690;3473.330;34.730;36.940;Ok
3546.670;345.180;3546.670;35.470;36.940;Ok
3630.000;347.880;3630.000;36.300;36.940;Ok
3760.000;343.690;3760.000;37.600;36.940;Ok
3886.670;347.880;3886.670;38.870;36.940;Ok
3956.670;347.880;3956.670;39.570;36.940;Ok
3986.670;348.790;3986.670;39.870;36.940;Ok
4000.000;352.080;4000.000;40.000;36.940;Ok
3973.330;347.880;3973.330;39.730;36.940;Ok
3886.670;347.880;3886.670;38.870;36.940;Ok
3806.670;347.880;3806.670;38.070;36.940;Ok
3733.330;343.690;3733.330;37.330;36.940;Ok
3673.330;346.550;3673.330;36.730;36.940;Ok
3613.330;347.880;3613.330;36.130;36.940;Ok
3556.670;347.880;3556.670;35.570;36.730;Ok
3496.670;351.300;3496.670;34.970;36.730;Ok
3453.330;351.890;3453.330;34.530;36.730;Ok
3446.670;347.880;3446.670;34.470;36.730;Ok
3453.330;347.880;3453.330;34.530;36.730;Ok
3483.330;347.400;3483.330;34.830;36.730;Ok
3536.670;343.690;3536.670;35.370;36.730;Ok
3613.330;347.880;3613.330;36.130;36.730;Ok
3663.330;347.880;3663.330;36.630;36.730;Ok
3676.670;347.880;3676.670;36.770;36.730;Ok
3666.670;352.080;3666.670;36.670;36.730;Ok
3660.000;349.860;3660.000;36.600;36.730;Ok
3663.330;347.880;3663.330;36.630;36.730;Ok
3630.000;347.880;3630.000;36.300;36.630;Ok
3560.000;347.880;3560.000;35.600;36.630;Ok
3483.330;343.690;3483.330;34.830;36.630;Ok
3406.670;345.180;3406.670;34.070;36.630;Ok
3326.670;347.880;3326.670;33.270;36.630;Ok
3253.330;347.880;3253.330;32.530;36.630;Ok
3183.330;350.070;3183.330;31.830;36.630;Ok
3120.000;352.080;3120.000;31.200;36.630;Ok
3083.330;347.880;3083.330;30.830;36.630;Ok
3040.000;347.880;3040.000;30.400;36.630;Ok
2996.670;347.840;2996.670;29.970;36.630;Ok
2953.330;343.690;2953.330;29.530;36.630;Ok
2903.330;347.500;2903.330;29.030;36.630;Ok
2856.670;347.880;2856.670;28.570;36.630;Ok
2816.670;347.880;2816.670;28.170;36.630;Ok
2783.330;351.950;2783.330;27.830;36.630;Ok
2743.330;351.150;2743.330;27.430;36.630;Ok
2726.670;347.880;2726.670;27.270;36.630;Ok
2690.000;347.880;2690.000;26.900;36.630;Ok
2666.670;346.360;2666.670;26.670;36.630;Ok
2636.670;343.690;2636.670;26.370;36.630;Ok
2600.000;344.150;2600.000;26.000;36.630;Ok
2570.000;347.880;2570.000;25.700;36.630;Ok
2550.000;347.880;2550.000;25.500;36.630;Ok
2526.670;348.790;2526.670;25.270;36.630;Ok
2506.670;352.080;2506.670;25.070;36.630;Ok
2506.670;347.880;2506.670;25.070;36.520;Ok
2500.000;347.880;2500.000;25.000;36.520;Ok
2500.000;347.880;2500.000;25.000;36.520;Ok
2503.330;343.690;2503.330;25.030;36.520;Ok
2503.330;346.570;2503.330;25.030;36.520;Ok
2506.670;347.880;2506.670;25.070;36.520;Ok
2513.330;347.880;2513.330;25.130;36.520;Ok
2523.330;351.300;2523.330;25.230;36.520;Ok
2526.670;351.890;2526.670;25.270;36.520;Ok
2543.330;347.880;2543.330;25.430;36.520;Ok
2560.000;347.880;2560.000;25.600;36.520;Ok
2566.670;347.400;2566.670;25.670;36.520;Ok
2576.670;343.690;2576.670;25.770;36.520;Ok
2590.000;347.880;2590.000;25.900;36.310;Ok
2603.330;352.080;2603.330;26.030;36.310;Ok
2623.330;351.300;2623.330;26.230;36.310;Ok
2646.670;351.890;2646.670;26.470;36.310;Ok
2680.000;347.880;2680.000;26.800;36.310;Ok
2716.670;351.950;2716.670;27.170;36.310;Ok
2760.000;352.080;2760.000;27.600;36.310;Ok
2806.670;352.080;2806.670;28.070;36.310;Ok
2830.000;356.270;2830.000;28.300;36.310;Ok
2873.330;354.770;2873.330;28.730;36.310;Ok
2900.000;352.080;2900.000;29.000;36.310;Ok
2920.000;352.050;2920.000;29.200;36.310;Ok
2933.330;349.860;2933.330;29.330;36.310;Ok
2943.330;347.880;2943.330;29.430;36.210;Ok
2940.000;352.080;2940.000;29.400;36.210;Ok
2923.330;352.080;2923.330;29.230;36.210;Ok
2913.330;352.100;2913.330;29.130;36.210;Ok
2906.670;353.570;2906.670;29.070;36.210;Ok
2916.670;343.690;2916.670;29.170;36.210;Ok
2940.000;347.880;2940.000;29.400;36.210;Ok
2960.000;352.080;2960.000;29.600;36.210;Ok
2996.670;352.080;2996.670;29.970;36.210;Ok
3040.000;347.880;3040.000;30.400;36.210;Ok
3076.670;351.300;3076.670;30.770;36.210;Ok
3120.000;352.080;3120.000;31.200;36.210;Ok
3170.000;347.880;3170.000;31.700;36.210;Ok
3220.000;344.040;3220.000;32.200;36.210;Ok
3270.000;344.150;3270.000;32.700;36.210;Ok
3313.330;352.080;3313.330;33.130;36.210;Ok
3356.670;347.880;3356.670;33.570;36.210;Ok
3393.330;351.150;3393.330;33.930;36.210;Ok
3430.000;352.080;3430.000;34.300;36.210;Ok
3483.330;347.880;3483.330;34.830;36.210;Ok
3526.670;347.880;3526.670;35.270;36.210;Ok
3570.000;347.880;3570.000;35.700;36.210;Ok
3596.670;343.690;3596.670;35.970;36.210;Ok
3616.670;346.570;3616.670;36.170;36.210;Ok
3646.670;347.880;3646.670;36.470;36.210;Ok
3670.000;347.880;3670.000;36.700;36.210;Ok
3690.000;351.320;3690.000;36.900;36.100;Ok
3693.330;351.890;3693.330;36.930;36.100;Ok
3690.000;352.080;3690.000;36.900;36.100;Ok
3693.330;347.990;3693.330;36.930;36.100;Ok
3686.670;347.880;3686.670;36.870;36.100;Ok
3680.000;347.880;3680.000;36.800;36.100;Ok
3670.000;343.690;3670.000;36.700;36.100;Ok
3656.670;345.180;3656.670;36.570;36.100;Ok
3656.670;347.880;3656.670;36.570;36.100;Ok
3713.330;343.690;3713.330;37.130;36.100;Ok
3620.000;350.070;3620.000;36.200;36.100;Ok
3536.670;352.080;3536.670;35.370;36.100;Ok
3480.000;347.880;3480.000;34.800;36.100;Ok
3423.330;347.880;3423.330;34.230;36.100;Ok
3350.000;347.840;3350.000;33.500;36.100;Ok
3273.330;343.690;3273.330;32.730;36.100;Ok
3213.330;347.500;3213.330;32.130;36.100;Ok
3180.000;347.880;3180.000;31.800;36.100;Ok
3186.670;347.880;3186.670;31.870;36.100;Ok
3240.000;347.880;3240.000;32.400;36.100;Ok
3336.670;352.080;3336.670;33.370;36.100;Ok
3523.330;348.640;3523.330;35.230;36.100;Ok
3596.670;347.840;3596.670;35.970;36.100;Ok
3713.330;347.880;3713.330;37.130;36.100;Ok
3740.000;344.040;3740.000;37.400;36.100;Ok
3610.000;347.400;3610.000;36.100;36.100;Ok
3470.000;347.880;3470.000;34.700;36.210;Ok
3390.000;347.880;3390.000;33.900;36.210;Ok
3273.330;348.790;3273.330;32.730;36.210;Ok
3106.670;352.080;3106.670;31.070;36.210;Ok
3006.670;347.880;3006.670;30.070;36.210;Ok
2933.330;347.880;2933.330;29.330;36.210;Ok
2866.670;347.880;2866.670;28.670;36.210;Ok
2813.330;343.690;2813.330;28.130;36.210;Ok
2773.330;346.570;2773.330;27.730;36.210;Ok
2743.330;347.880;2743.330;27.430;36.210;Ok
2713.330;347.880;2713.330;27.130;36.210;Ok
2703.330;351.300;2703.330;27.030;36.210;Ok
2680.000;351.890;2680.000;26.800;36.210;Ok
2680.000;349.860;2680.000;26.800;36.210;Ok
2680.000;347.880;2680.000;26.800;36.210;Ok
2670.000;347.400;2670.000;26.700;36.210;Ok
2660.000;343.690;2660.000;26.600;36.210;Ok
2650.000;343.710;2650.000;26.500;36.210;Ok
2636.670;347.880;2636.670;26.370;36.210;Ok
2626.670;347.880;2626.670;26.270;36.210;Ok
2616.670;348.050;2616.670;26.170;36.210;Ok
2603.330;352.080;2603.330;26.030;36.210;Ok
2600.000;347.990;2600.000;26.000;36.210;Ok
2603.330;347.880;2603.330;26.030;36.210;Ok
2630.000;347.880;2630.000;26.300;36.210;Ok
2636.670;356.270;2636.670;26.370;36.210;Ok
2703.330;345.180;2703.330;27.030;36.210;Ok
2746.670;352.080;2746.670;27.470;36.210;Ok
2810.000;347.880;2810.000;28.100;36.210;Ok
2856.670;349.860;2856.670;28.570;36.210;Ok
2900.000;347.880;2900.000;29.000;36.210;Ok
2926.670;347.880;2926.670;29.270;36.210;Ok
2930.000;352.080;2930.000;29.300;36.210;Ok
2906.670;352.100;2906.670;29.070;36.210;Ok
2856.670;356.270;2856.670;28.570;36.210;Ok
2820.000;347.500;2820.000;28.200;36.210;Ok
2763.330;348.050;2763.330;27.630;36.210;Ok
2690.000;347.880;2690.000;26.900;36.210;Ok
2616.670;351.950;2616.670;26.170;36.210;Ok
2546.670;351.150;2546.670;25.470;36.210;Ok
2486.670;347.880;2486.670;24.870;36.210;Ok
2423.330;347.880;2423.330;24.230;36.210;Ok
2373.330;347.880;2373.330;23.730;36.210;Ok
2333.330;344.040;2333.330;23.330;36.210;Ok
2296.670;344.150;2296.670;22.970;36.210;Ok
2270.000;347.880;2270.000;22.700;36.210;Ok
2236.670;347.880;2236.670;22.370;36.210;Ok
2196.670;348.790;2196.670;21.970;36.210;Ok
2150.000;352.080;2150.000;21.500;36.210;Ok
2123.330;347.880;2123.330;21.230;36.210;Ok
2100.000;347.880;2100.000;21.000;36.210;Ok
2083.330;347.880;2083.330;20.830;36.210;Ok
2080.000;343.690;2080.000;20.800;36.100;Ok
2080.000;353.380;2080.000;20.800;36.100;Ok
2113.330;352.080;2113.330;21.130;36.100;Ok
2150.000;347.880;2150.000;21.500;36.100;Ok
2196.670;348.640;2196.670;21.970;36.100;Ok
2260.000;348.050;2260.000;22.600;36.100;Ok
2330.000;352.080;2330.000;23.300;36.100;Ok
2403.330;352.080;2403.330;24.030;36.100;Ok
2473.330;352.540;2473.330;24.730;36.100;Ok
2536.670;354.940;2536.670;25.370;36.100;Ok
2590.000;356.230;2590.000;25.900;36.100;Ok
2650.000;352.080;2650.000;26.500;36.100;Ok
2683.330;352.080;2683.330;26.830;36.100;Ok
2696.670;351.890;2696.670;26.970;36.000;Ok
2710.000;347.880;2710.000;27.100;36.000;Ok
2706.670;351.950;2706.670;27.070;36.000;Ok
2713.330;352.080;2713.330;27.130;36.000;Ok
2723.330;352.080;2723.330;27.230;36.000;Ok
2723.330;356.270;2723.330;27.230;36.000;Ok
2753.330;354.750;2753.330;27.530;36.000;Ok
2793.330;352.080;2793.330;27.930;36.000;Ok
2836.670;352.080;2836.670;28.370;36.000;Ok
2886.670;349.860;2886.670;28.870;36.000;Ok
2936.670;347.880;2936.670;29.370;36.000;Ok
2983.330;352.080;2983.330;29.830;36.000;Ok
3026.670;352.080;3026.670;30.270;36.000;Ok
3040.000;352.100;3040.000;30.400;36.000;Ok
3020.000;356.270;3020.000;30.200;36.000;Ok
2980.000;352.430;2980.000;29.800;36.000;Ok
2943.330;352.080;2943.330;29.430;36.000;Ok
2883.330;352.080;2883.330;28.830;36.000;Ok
2823.330;347.990;2823.330;28.230;36.000;Ok
2766.670;348.790;2766.670;27.670;36.000;Ok
2713.330;352.080;2713.330;27.130;36.000;Ok
2676.670;352.080;2676.670;26.770;36.000;Ok
2650.000;352.080;2650.000;26.500;36.000;Ok
2626.670;355.890;2626.670;26.270;36.000;Ok
2623.330;355.780;2623.330;26.230;36.000;Ok
2633.330;347.880;2633.330;26.330;36.000;Ok
2613.330;352.080;2613.330;26.130;35.890;Ok
2596.670;351.150;2596.670;25.970;35.890;Ok
2586.670;347.880;2586.670;25.870;35.890;Ok
2553.330;352.080;2553.330;25.530;35.890;Ok
2526.670;352.080;2526.670;25.270;35.890;Ok
2500.000;352.080;2500.000;25.000;35.890;Ok
2470.000;343.690;2470.000;24.700;35.890;Ok
2436.670;353.380;2436.670;24.370;35.890;Ok
2413.330;352.080;2413.330;24.130;35.890;Ok
2390.000;352.080;2390.000;23.900;35.890;Ok
2370.000;348.640;2370.000;23.700;35.890;Ok
2343.330;348.050;2343.330;23.430;35.890;Ok
2306.670;347.860;2306.670;23.070;35.890;Ok
2270.000;347.880;2270.000;22.700;35.890;Ok
2216.670;352.540;2216.670;22.170;35.890;Ok
2180.000;343.690;2180.000;21.800;35.890;Ok
2130.000;347.880;2130.000;21.300;35.890;Ok
2093.330;347.880;2093.330;20.930;35.890;Ok
2056.670;347.880;2056.670;20.570;35.890;Ok
2030.000;352.050;2030.000;20.300;35.890;Ok
2030.000;349.860;2030.000;20.300;35.890;Ok
2030.000;347.880;2030.000;20.300;35.890;Ok
2033.330;347.880;2033.330;20.330;35.890;Ok
2030.000;354.960;2030.000;20.300;35.890;Ok
2046.670;356.230;2046.670;20.470;35.890;Ok
2073.330;347.880;2073.330;20.730;35.890;Ok
2076.670;351.300;2076.670;20.770;35.890;Ok
2066.670;351.890;2066.670;20.670;35.890;Ok
2060.000;347.880;2060.000;20.600;35.890;Ok
2040.000;351.950;2040.000;20.400;35.890;Ok
2013.330;352.080;2013.330;20.130;35.890;Ok
1996.670;352.080;1996.670;19.970;35.890;Ok
1980.000;356.270;1980.000;19.800;35.890;Ok
1953.330;354.750;1953.330;19.530;35.890;Ok
1960.000;352.080;1960.000;19.600;35.890;Ok
1950.000;352.080;1950.000;19.500;35.890;Ok
1950.000;349.860;1950.000;19.500;35.890;Ok
1960.000;347.880;1960.000;19.600;35.890;Ok
1966.670;352.080;1966.670;19.670;35.890;Ok
1980.000;352.080;1980.000;19.800;35.780;Ok
1996.670;352.100;1996.670;19.970;35.780;Ok
2023.330;356.270;2023.330;20.230;35.780;Ok
2050.000;352.430;2050.000;20.500;35.780;Ok
2096.670;352.080;2096.670;20.970;35.780;Ok
2140.000;352.080;2140.000;21.400;35.780;Ok
2196.670;347.990;2196.670;21.970;35.780;Ok
2246.670;348.790;2246.670;22.470;35.780;Ok
2300.000;352.080;2300.000;23.000;35.780;Ok
2350.000;352.080;2350.000;23.500;35.780;Ok
2403.330;353.570;2403.330;24.030;35.780;Ok
2446.670;356.270;2446.670;24.470;35.780;Ok
2500.000;352.080;2500.000;25.000;35.780;Ok
2536.670;352.080;2536.670;25.370;35.570;Ok
2566.670;352.080;2566.670;25.670;35.570;Ok
2596.670;347.880;2596.670;25.970;35.570;Ok
2626.670;351.300;2626.670;26.270;35.570;Ok
2650.000;352.080;2650.000;26.500;35.570;Ok
2663.330;356.270;2663.330;26.630;35.570;Ok
2693.330;355.890;2693.330;26.930;35.570;Ok
2723.330;355.780;2723.330;27.230;35.570;Ok
2760.000;352.080;2760.000;27.600;35.570;Ok
2790.000;352.080;2790.000;27.900;35.570;Ok
2813.330;351.150;2813.330;28.130;35.570;Ok
2833.330;347.880;2833.330;28.330;35.570;Ok
2843.330;352.080;2843.330;28.430;35.570;Ok
2853.330;352.080;2853.330;28.530;35.470;Ok
2863.330;352.080;2863.330;28.630;35.470;Ok
2863.330;356.270;2863.330;28.630;35.470;Ok
2850.000;353.380;2850.000;28.500;35.470;Ok
2853.330;352.080;2853.330;28.530;35.470;Ok
2840.000;352.080;2840.000;28.400;35.470;Ok
2816.670;352.080;2816.670;28.170;35.470;Ok
2790.000;347.880;2790.000;27.900;35.470;Ok
2753.330;350.070;2753.330;27.530;35.470;Ok
2710.000;352.080;2710.000;27.100;35.470;Ok
2666.670;352.080;2666.670;26.670;35.470;Ok
2610.000;354.960;2610.000;26.100;35.470;Ok
2560.000;356.250;2560.000;25.600;35.470;Ok
2526.670;352.080;2526.670;25.270;35.470;Ok
2506.670;352.080;2506.670;25.070;35.470;Ok
2490.000;351.890;2490.000;24.900;35.470;Ok
2486.670;347.880;2486.670;24.870;35.470;Ok
2483.330;351.950;2483.330;24.830;35.470;Ok
2483.330;352.080;2483.330;24.830;35.470;Ok
2486.670;352.080;2486.670;24.870;35.470;Ok
2480.000;356.270;2480.000;24.800;35.470;Ok
2480.000;354.770;2480.000;24.800;35.470;Ok
2496.670;352.080;2496.670;24.970;35.470;Ok
2500.000;352.080;2500.000;25.000;35.470;Ok
2510.000;349.860;2510.000;25.100;35.470;Ok
2520.000;347.880;2520.000;25.200;35.470;Ok
2526.670;352.080;2526.670;25.270;35.470;Ok
2520.000;352.080;2520.000;25.200;35.470;Ok
2506.670;352.100;2506.670;25.070;35.470;Ok
2476.670;356.270;2476.670;24.770;35.470;Ok
2433.330;352.430;2433.330;24.330;35.470;Ok
2406.670;352.080;2406.670;24.070;35.470;Ok
2356.670;352.080;2356.670;23.570;35.470;Ok
2316.670;352.050;2316.670;23.170;35.470;Ok
2290.000;347.880;2290.000;22.900;35.470;Ok
2273.330;351.320;2273.330;22.730;35.470;Ok
2260.000;352.080;2260.000;22.600;35.470;Ok
2266.670;352.080;2266.670;22.670;35.470;Ok
2270.000;355.890;2270.000;22.700;35.470;Ok
2290.000;355.780;2290.000;22.900;35.470;Ok
2333.330;352.080;2333.330;23.330;35.470;Ok
2363.330;352.080;2363.330;23.630;35.470;Ok
2403.330;351.150;2403.330;24.030;35.470;Ok
2443.330;347.880;2443.330;24.430;35.470;Ok
2483.330;352.080;2483.330;24.830;35.470;Ok
2556.670;352.080;2556.670;25.570;35.470;Ok
2583.330;352.080;2583.330;25.830;35.470;Ok
2640.000;356.270;2640.000;26.400;35.470;Ok
2723.330;353.380;2723.330;27.230;35.470;Ok
2796.670;352.080;2796.670;27.970;35.470;Ok
2886.670;352.080;2886.670;28.870;35.470;Ok
2990.000;348.640;2990.000;29.900;35.470;Ok
3106.670;348.050;3106.670;31.070;35.360;Ok
3266.670;352.080;3266.670;32.670;35.360;Ok
3773.330;352.080;3773.330;37.730;35.360;Ok
3776.670;352.540;3776.670;37.770;35.360;Ok
4026.670;356.270;4026.670;40.270;35.360;Ok
4876.670;352.080;4876.670;48.770;35.360;Ok
6063.330;343.690;6063.330;60.630;35.360;Ok
7963.330;343.690;7963.330;79.630;35.360;Ok
8693.330;339.490;8693.330;86.930;35.360;Ok
9193.330;333.300;9193.330;91.930;35.360;Ok
8996.670;343.690;8996.670;89.970;35.360;Ok
7333.330;335.300;7333.330;73.330;35.360;Ok
4310.000;336.600;4310.000;43.100;35.360;Ok
5720.000;347.840;5720.000;57.200;35.470;Ok
3740.000;343.690;3740.000;37.400;35.470;Ok
3550.000;347.880;3550.000;35.500;35.470;Ok
3316.670;343.500;3316.670;33.170;35.470;Ok
3140.000;339.490;3140.000;31.400;35.470;Ok
3060.000;343.560;3060.000;30.600;35.470;Ok
3053.330;343.690;3053.330;30.530;35.470;Ok
3536.670;343.690;3536.670;35.370;35.470;Ok
5070.000;356.270;5070.000;50.700;35.470;Ok
6830.000;345.180;6830.000;68.300;35.470;Ok
5403.330;343.670;5403.330;54.030;35.470;Ok
6093.330;347.860;6093.330;60.930;35.470;Ok
5176.670;347.880;5176.670;51.770;35.470;Ok
5526.670;343.670;5526.670;55.270;35.780;Ok
6890.000;352.080;6890.000;68.900;35.780;Ok
3620.000;342.930;3620.000;36.200;35.780;Ok
3286.670;343.690;3286.670;32.870;35.780;Ok
3316.670;339.490;3316.670;33.170;35.780;Ok
3963.330;347.860;3963.330;39.630;35.780;Ok
3460.000;343.690;3460.000;34.600;35.780;Ok
4300.000;336.600;4300.000;43.000;35.780;Ok
2610.000;335.320;2610.000;26.100;35.780;Ok
2403.330;343.690;2403.330;24.030;35.780;Ok
2146.670;340.250;2146.670;21.470;35.780;Ok
2006.670;339.660;2006.670;20.070;35.780;Ok
1893.330;339.490;1893.330;18.930;35.780;Ok
1806.670;343.560;1806.670;18.070;36.100;Ok
1740.000;343.690;1740.000;17.400;36.100;Ok
1700.000;343.690;1700.000;17.000;36.100;Ok
1673.330;343.710;1673.330;16.730;36.100;Ok
1660.000;347.860;1660.000;16.600;36.100;Ok
1673.330;344.040;1673.330;16.730;36.100;Ok
1690.000;343.690;1690.000;16.900;36.100;Ok
1706.670;343.690;1706.670;17.070;36.100;Ok
1746.670;347.880;1746.670;17.470;36.100;Ok
1810.000;352.080;1810.000;18.100;36.100;Ok
1873.330;342.910;1873.330;18.730;36.100;Ok
1930.000;347.880;1930.000;19.300;36.100;Ok
2023.330;347.880;2023.330;20.230;36.100;Ok
2156.670;344.040;2156.670;21.570;36.310;Ok
2283.330;343.690;2283.330;22.830;36.310;Ok
2423.330;353.380;2423.330;24.230;36.310;Ok
2360.000;352.080;2360.000;23.600;36.310;Ok
2383.330;352.080;2383.330;23.830;36.310;Ok
2406.670;348.640;2406.670;24.070;36.310;Ok
2420.000;348.050;2420.000;24.200;36.310;Ok
2396.670;352.080;2396.670;23.970;36.310;Ok
2326.670;352.080;2326.670;23.270;36.310;Ok
2216.670;352.540;2216.670;22.170;36.310;Ok
2096.670;356.270;2096.670;20.970;36.310;Ok
1990.000;352.080;1990.000;19.900;36.310;Ok
1923.330;348.790;1923.330;19.230;36.310;Ok
1863.330;347.880;1863.330;18.630;36.100;Ok
1830.000;352.080;1830.000;18.300;36.100;Ok
1816.670;349.860;1816.670;18.170;36.100;Ok
1930.000;347.880;1930.000;19.300;36.100;Ok
1933.330;347.880;1933.330;19.330;36.100;Ok
1953.330;344.990;1953.330;19.530;36.100;Ok
1990.000;343.690;1990.000;19.900;36.100;Ok
2043.330;345.180;2043.330;20.430;36.100;Ok
2206.670;352.080;2206.670;22.070;36.100;Ok
2180.000;356.270;2180.000;21.800;36.100;Ok
2160.000;349.860;2160.000;21.600;36.100;Ok
2233.330;347.880;2233.330;22.330;36.100;Ok
2186.670;360.460;2186.670;21.870;36.100;Ok
2206.670;352.080;2206.670;22.070;36.000;Ok
2240.000;352.100;2240.000;22.400;36.000;Ok
2426.670;356.270;2426.670;24.270;36.000;Ok
2413.330;0.000;2413.330;24.130;36.000;Error
2510.000;352.080;2510.000;25.100;36.000;Ok
2450.000;352.080;2450.000;24.500;36.000;Ok
2406.670;347.990;2406.670;24.070;36.000;Ok
2373.330;348.790;2373.330;23.730;36.000;Ok
2313.330;351.320;2313.330;23.130;36.000;Ok
2243.330;352.080;2243.330;22.430;36.000;Ok
2156.670;352.080;2156.670;21.570;36.000;Ok
2043.330;355.890;2043.330;20.430;36.000;Ok
1956.670;344.150;1956.670;19.570;36.000;Ok
1863.330;347.880;1863.330;18.630;35.890;Ok
1776.670;347.880;1776.670;17.770;35.890;Ok
1710.000;348.790;1710.000;17.100;35.890;Ok
1663.330;352.080;1663.330;16.630;35.890;Ok
1670.000;347.880;1670.000;16.700;35.890;Ok
1650.000;347.880;1650.000;16.500;35.890;Ok
1630.000;352.080;1630.000;16.300;35.890;Ok
1633.330;343.690;1633.330;16.330;35.890;Ok
1620.000;346.550;1620.000;16.200;35.890;Ok
1610.000;352.080;1610.000;16.100;35.890;Ok
1616.670;352.080;1616.670;16.170;35.890;Ok
1626.670;0.000;1626.670;16.270;35.890;Error
1640.000;351.890;1640.000;16.400;35.890;Ok
1676.670;352.080;1676.670;16.770;35.890;Ok
1720.000;352.080;1720.000;17.200;35.890;Ok
1786.670;352.080;1786.670;17.870;35.890;Ok
1856.670;354.960;1856.670;18.570;35.890;Ok
1933.330;356.230;1933.330;19.330;35.890;Ok
2016.670;352.080;2016.670;20.170;35.890;Ok
2280.000;352.080;2280.000;22.800;35.890;Ok
2493.330;360.270;2493.330;24.930;35.890;Ok
2546.670;360.460;2546.670;25.470;35.890;Ok
2163.330;351.950;2163.330;21.630;35.890;Ok
2096.670;352.080;2096.670;20.970;35.890;Ok
2113.330;352.080;2113.330;21.130;35.890;Ok
2150.000;356.270;2150.000;21.500;35.890;Ok
2133.330;354.770;2133.330;21.330;35.780;Ok
2156.670;352.080;2156.670;21.570;35.780;Ok
2170.000;352.080;2170.000;21.700;35.780;Ok
2163.330;349.880;2163.330;21.630;35.780;Ok
2136.670;347.880;2136.670;21.370;35.780;Ok
2106.670;352.080;2106.670;21.070;35.780;Ok
2056.670;352.080;2056.670;20.570;35.780;Ok
2006.670;352.100;2006.670;20.070;35.780;Ok
1950.000;356.270;1950.000;19.500;35.780;Ok
1893.330;352.430;1893.330;18.930;35.780;Ok
1866.670;352.080;1866.670;18.670;35.780;Ok
1836.670;352.080;1836.670;18.370;35.780;Ok
1813.330;347.990;1813.330;18.130;35.780;Ok
1800.000;347.880;1800.000;18.000;35.680;Ok
1790.000;351.320;1790.000;17.900;35.680;Ok
1790.000;352.080;1790.000;17.900;35.680;Ok
1793.330;352.080;1793.330;17.930;35.680;Ok
1793.330;355.890;1793.330;17.930;35.680;Ok
1786.670;355.780;1786.670;17.870;35.680;Ok
1793.330;352.080;1793.330;17.930;35.680;Ok
1766.670;352.080;1766.670;17.670;35.680;Ok
1756.670;351.150;1756.670;17.570;35.680;Ok
1753.330;347.880;1753.330;17.530;35.680;Ok
1756.670;352.080;1756.670;17.570;35.680;Ok
1766.670;352.080;1766.670;17.670;35.680;Ok
1783.330;352.080;1783.330;17.830;35.680;Ok
1823.330;352.080;1823.330;18.230;35.680;Ok
1853.330;354.960;1853.330;18.530;35.680;Ok
1886.670;356.230;1886.670;18.870;35.680;Ok
1960.000;352.080;1960.000;19.600;35.680;Ok
1970.000;352.080;1970.000;19.700;35.680;Ok
2056.670;351.890;2056.670;20.570;35.680;Ok
2390.000;347.880;2390.000;23.900;35.680;Ok
2306.670;356.370;2306.670;23.070;35.680;Ok
3006.670;356.270;3006.670;30.070;35.680;Ok
3700.000;352.080;3700.000;37.000;35.680;Ok
3463.330;356.270;3463.330;34.630;35.680;Ok
3283.330;355.780;3283.330;32.830;35.680;Ok
2446.670;352.080;2446.670;24.470;35.680;Ok
2846.670;356.270;2846.670;28.470;35.680;Ok
2503.330;352.080;2503.330;25.030;35.570;Ok
2213.330;352.080;2213.330;22.130;35.570;Ok
2103.330;347.880;2103.330;21.030;35.570;Ok
2093.330;350.070;2093.330;20.930;35.570;Ok
2013.330;347.880;2013.330;20.130;35.570;Ok
1833.330;352.080;1833.330;18.330;35.570;Ok
1736.670;352.080;1736.670;17.370;35.570;Ok
1650.000;343.690;1650.000;16.500;35.570;Ok
1570.000;345.180;1570.000;15.700;35.570;Ok
1486.670;347.880;1486.670;14.870;35.570;Ok
1410.000;347.880;1410.000;14.100;35.570;Ok
1333.330;350.070;1333.330;13.330;35.570;Ok
1266.670;352.080;1266.670;12.670;35.570;Ok
1220.000;347.880;1220.000;12.200;35.470;Ok
1180.000;347.880;1180.000;11.800;35.470;Ok
1150.000;347.840;1150.000;11.500;35.470;Ok
1130.000;343.690;1130.000;11.300;35.470;Ok
1103.330;347.480;1103.330;11.030;35.470;Ok
1066.670;347.880;1066.670;10.670;35.470;Ok
1030.000;347.880;1030.000;10.300;35.470;Ok
1000.000;351.950;1000.000;10.000;35.470;Ok
970.000;352.080;970.000;9.700;35.470;Ok
963.330;348.660;963.330;9.630;35.470;Ok
946.670;352.080;946.670;9.470;35.470;Ok
956.670;347.880;956.670;9.570;35.470;Ok
960.000;347.880;960.000;9.600;35.470;Ok
963.330;356.270;963.330;9.630;35.470;Ok
970.000;353.380;970.000;9.700;35.470;Ok
1013.330;352.080;1013.330;10.130;35.470;Ok
1043.330;352.080;1043.330;10.430;35.470;Ok
1070.000;348.640;1070.000;10.700;35.470;Ok
1103.330;348.050;1103.330;11.030;35.470;Ok
1130.000;347.880;1130.000;11.300;35.470;Ok
1160.000;352.080;1160.000;11.600;35.470;Ok
1190.000;352.080;1190.000;11.900;35.470;Ok
1216.670;354.960;1216.670;12.170;35.470;Ok
1233.330;356.230;1233.330;12.330;35.470;Ok
1250.000;352.080;1250.000;12.500;35.470;Ok
1243.330;352.080;1243.330;12.430;35.470;Ok
1223.330;351.890;1223.330;12.230;35.360;Ok
1206.670;347.880;1206.670;12.070;35.360;Ok
1173.330;351.950;1173.330;11.730;35.360;Ok
1150.000;352.080;1150.000;11.500;35.360;Ok
1130.000;352.080;1130.000;11.300;35.360;Ok
1116.670;343.690;1116.670;11.170;35.360;Ok
1076.670;354.750;1076.670;10.770;35.360;Ok
1060.000;352.080;1060.000;10.600;35.360;Ok
1043.330;352.080;1043.330;10.430;35.360;Ok
1033.330;349.930;1033.330;10.330;35.360;Ok
1040.000;347.860;1040.000;10.400;35.360;Ok
1046.670;352.080;1046.670;10.470;35.360;Ok
1053.330;352.080;1053.330;10.530;35.360;Ok
1073.330;352.080;1073.330;10.730;35.150;Ok
1086.670;353.570;1086.670;10.870;35.150;Ok
1100.000;356.250;1100.000;11.000;35.150;Ok
1126.670;352.080;1126.670;11.270;35.150;Ok
1136.670;352.080;1136.670;11.370;35.150;Ok
1146.670;352.080;1146.670;11.470;35.150;Ok
1150.000;347.880;1150.000;11.500;35.150;Ok
1140.000;351.300;1140.000;11.400;35.150;Ok
1126.670;352.080;1126.670;11.270;35.150;Ok
1096.670;352.080;1096.670;10.970;35.150;Ok
1066.670;352.080;1066.670;10.670;35.150;Ok
1033.330;352.540;1033.330;10.330;35.150;Ok
996.670;356.270;996.670;9.970;35.150;Ok
986.670;352.080;986.670;9.870;35.050;Ok
976.670;352.080;976.670;9.770;35.050;Ok
973.330;352.080;973.330;9.730;35.050;Ok
983.330;347.880;983.330;9.830;35.050;Ok
990.000;349.990;990.000;9.900;35.050;Ok
1003.330;352.080;1003.330;10.030;35.050;Ok
1030.000;352.080;1030.000;10.300;35.050;Ok
1063.330;354.960;1063.330;10.630;35.050;Ok
1080.000;356.230;1080.000;10.800;35.050;Ok
1070.000;352.080;1070.000;10.700;35.050;Ok
1066.670;352.080;1066.670;10.670;35.050;Ok
1066.670;351.890;1066.670;10.670;35.050;Ok
1066.670;352.080;1066.670;10.670;35.050;Ok
1083.330;347.990;1083.330;10.830;34.940;Ok
1110.000;348.790;1110.000;11.100;34.940;Ok
1113.330;352.080;1113.330;11.130;34.940;Ok
1126.670;352.080;1126.670;11.270;34.940;Ok
1130.000;353.570;1130.000;11.300;34.940;Ok
1130.000;356.270;1130.000;11.300;34.940;Ok
1110.000;352.080;1110.000;11.100;34.940;Ok
1066.670;352.080;1066.670;10.670;34.940;Ok
1043.330;352.080;1043.330;10.430;34.940;Ok
1043.330;347.880;1043.330;10.430;34.940;Ok
1070.000;351.320;1070.000;10.700;34.940;Ok
1090.000;352.080;1090.000;10.900;34.940;Ok
1046.670;352.080;1046.670;10.470;34.940;Ok
943.330;355.890;943.330;9.430;34.730;Ok
893.330;355.780;893.330;8.930;34.730;Ok
856.670;352.080;856.670;8.570;34.730;Ok
820.000;352.080;820.000;8.200;34.730;Ok
790.000;351.170;790.000;7.900;34.730;Ok
773.330;347.880;773.330;7.730;34.730;Ok
740.000;352.080;740.000;7.400;34.730;Ok
720.000;352.080;720.000;7.200;34.730;Ok
703.330;352.080;703.330;7.030;34.730;Ok
670.000;356.250;670.000;6.700;34.730;Ok
666.670;353.420;666.670;6.670;34.730;Ok
663.330;352.100;663.330;6.630;34.730;Ok
663.330;352.080;663.330;6.630;34.730;Ok
716.670;348.700;716.670;7.170;34.730;Ok
763.330;348.050;763.330;7.630;34.730;Ok
753.330;356.250;753.330;7.530;34.730;Ok
676.670;352.080;676.670;6.770;34.730;Ok
666.670;352.500;666.670;6.670;34.730;Ok
670.000;356.250;670.000;6.700;34.730;Ok
676.670;352.080;676.670;6.770;34.730;Ok
723.330;352.080;723.330;7.230;34.730;Ok
723.330;352.080;723.330;7.230;34.730;Ok
740.000;347.880;740.000;7.400;34.730;Ok
750.000;350.050;750.000;7.500;34.730;Ok
760.000;352.050;760.000;7.600;34.730;Ok
783.330;352.050;783.330;7.830;34.730;Ok
830.000;354.960;830.000;8.300;34.730;Ok
820.000;356.270;820.000;8.200;34.730;Ok
826.670;354.750;826.670;8.270;34.730;Ok
836.670;352.080;836.670;8.370;34.730;Ok
840.000;352.080;840.000;8.400;34.730;Ok
853.330;349.950;853.330;8.530;34.730;Ok
863.330;347.860;863.330;8.630;34.730;Ok
876.670;352.050;876.670;8.770;34.730;Ok
886.670;352.050;886.670;8.870;34.730;Ok
900.000;352.100;900.000;9.000;34.730;Ok
903.330;356.250;903.330;9.030;34.730;Ok
913.330;355.890;913.330;9.130;34.730;Ok
910.000;356.270;910.000;9.100;34.730;Ok
910.000;356.250;910.000;9.100;34.520;Ok
920.000;348.010;920.000;9.200;34.520;Ok
923.330;347.860;923.330;9.230;34.520;Ok
923.330;351.270;923.330;9.230;34.520;Ok
930.000;352.100;930.000;9.300;34.520;Ok
936.670;352.050;936.670;9.370;34.520;Ok
943.330;352.430;943.330;9.430;34.520;Ok
293.330;343.690;293.330;2.930;34.310;Ok
296.670;343.540;296.670;2.970;34.310;Ok
296.670;339.640;296.670;2.970;34.310;Ok
300.000;335.300;300.000;3.000;34.310;Ok
293.330;339.490;293.330;2.930;34.310;Ok
293.330;339.490;293.330;2.930;34.310;Ok
293.330;339.490;293.330;2.930;34.310;Ok
293.330;335.130;293.330;2.930;34.310;Ok
286.670;339.490;286.670;2.870;34.310;Ok
286.670;335.300;286.670;2.870;34.310;Ok
283.330;339.490;283.330;2.830;34.310;Ok
280.000;339.490;280.000;2.800;34.310;Ok
270.000;339.050;270.000;2.700;34.310;Ok
270.000;335.280;270.000;2.700;34.310;Ok
266.670;338.100;266.670;2.670;34.310;Ok
260.000;339.490;260.000;2.600;34.310;Ok
253.330;335.300;253.330;2.530;34.310;Ok
250.000;335.280;250.000;2.500;34.310;Ok
240.000;339.490;240.000;2.400;34.310;Ok
243.330;335.300;243.330;2.430;34.310;Ok
240.000;335.150;240.000;2.400;34.310;Ok
233.330;331.230;233.330;2.330;34.310;Ok
230.000;331.100;230.000;2.300;34.310;Ok
223.330;343.690;223.330;2.230;34.310;Ok
223.330;342.860;223.330;2.230;34.310;Ok
220.000;343.560;220.000;2.200;34.310;Ok
220.000;331.100;220.000;2.200;34.310;Ok
220.000;331.100;220.000;2.200;34.310;Ok
213.330;331.100;213.330;2.130;34.310;Ok
210.000;331.100;210.000;2.100;34.310;Ok
